{
  "integrations": [
    {
      "id": "b31e300c-6232-4850-bb2d-e505b8f60db4",
      "name": "Emergency Change - Create Conference Bridge",
      "action": "RUN_SCRIPT",
      "type": "OUTBOUND_WEBHOOK",
      "triggeredBy": "RESPONSE",
      "deployed": false,
      "form": "b8bf19a9-c341-4d38-893e-94b00e603344",
      "script": "/******************************************************************************\n * Outbound integrations (128 Lines)\n *\n * Outbound integrations are triggered when an xMatters system action occurs,\n * such as when an event status changes, a notification is delivered, or a\n * recipient responds to a message. These system actions are called 'triggers'.\n *\n * Outbound integrations can perform tasks such as initiating a follow-up xMatters\n * event when the status of an event changes or updating another system in your\n * toolchain when a user responds to a notification.\n *\n * xMatters passes information about the trigger to the outbound integration\n * as a JSON object in the body of the built-in request object. Your outbound\n * integration can process this data and use it in the script. (To include form\n * properties in the request data, select 'Include in Outbound Integrations'\n * from the property's settings on the form layout.)\n *\n * The following sample code shows how to work with scripts in the Integration\n * Builder. You can use it as a template and then customize it to work with your\n * integration.\n ******************************************************************************/\n\n/**\n * Parse the payload data\n *\n * This code shows how to extract the payload from the built-in request object.\n * The specific fields that are included in the payload depends on the type of\n * trigger and how many form properties are included.\n */\nvar payload = JSON.parse(request.body);\n\n/**\n * Now that we have the payload, we inspect the response and ignore \n * anything that isn't \"Create Major Incident\"\n */\nif( payload.response.toLowerCase() != \"start conference bridge\" ) {\n    console.log( \"Ignoring response '\" + payload.response + \"'\" );\n    return;\n}\n\n/**\n * Form properties are included in the payload when they are marked as\n * 'Include in Outbound Integrations' on the form layout.\n *\n * This code shows how to transform the eventProperties object so that\n * you can access form properties using dot notation.\n */\nif (payload.eventProperties && Array.isArray(payload.eventProperties)) {\n    var eventProperties = payload.eventProperties;\n    payload.eventProperties = {};\n\n    for (var i = 0; i < eventProperties.length; i++) {\n        var eventProperty = eventProperties[i];\n        var key = Object.keys(eventProperty)[0];\n        payload.eventProperties[key] = eventProperty[key];\n    }\n}\n\n\n/** The event ID and time are included in the payload of all triggers **/\nconsole.log('\\nCommon properties:');\nconsole.log('Event ID: ' + payload.eventIdentifier);\n\nconsole.log('Form properties:');\nconsole.log( JSON.stringify( payload.eventProperties, null, 3 ) );\n\n\n/** These properties are included in the payload of notification response triggers. **/\nconsole.log('\\nResponse properties:');\nconsole.log('Recipient: ' + payload.recipient);\nconsole.log('Responded with: ' + payload.response);\nconsole.log('From this device: ' + payload.device);\n\n/**\n * Prepare a request to the external system\n *\n * UPDATEME\n *\n * MOREUPDATES HERE\n */\n \n// Maybe check to see if they pasted the entire URL?\n// https://company.xmatters.com/api/integration/1/functions/123456-9bc9-44f3-bd2f-4567889adf/triggers\n \nvar path = constants[ 'Conference Bridge Endpoint' ].split( /xmatters.com/ );\nif( path.length == 2 ) {\n    path = path[1];\n}\nelse {\n    path = path[0];\n}\n\n\nvar conferenceBridgeRequest = http.request({\n    'endpoint': 'xMatters',\n    'method': 'POST',\n    'path': path,\n    'headers': {\n        'Content-Type': 'application/json'\n    }\n});\n\n/**\n * Prepare the payload of the request according to the requirements of the\n * external system.\n *\n * This example assumes that the external system requires the request to\n * contain a JSON object in the request body that describes the action to log.\n *\n * You can modify this script to match the requirements of the external system you\n * want to update.\n */\n \n \nvar description = \"You've been invited to a conference bridge. In this example there will not be anyone else on so you will only hear music.\";\n \n\n/** Add properties from payload properties **/\nconferenceBridgeEvent = {};\nconferenceBridgeEvent = {\n    \"properties\": {\n        \"Short Description\": description\n    },\n    \"recipients\": [{ \"id\": payload.recipient }]\n};\n\n\nvar conferenceBridgeResponse = conferenceBridgeRequest.write( conferenceBridgeEvent );",
      "environment": "HOSTED",
      "authType": "NONE"
    },
    {
      "id": "c8964299-de67-402e-b5fa-389666a49225",
      "name": "Emergency Change - Create Conference Bridge (via Clone)",
      "action": "RUN_SCRIPT",
      "type": "OUTBOUND_WEBHOOK",
      "triggeredBy": "RESPONSE",
      "deployed": true,
      "form": "b8bf19a9-c341-4d38-893e-94b00e603344",
      "script": "/******************************************************************************\n * Outbound integrations (was 128 lines, now 92 lines, saved 36 lines)\n *\n * Outbound integrations are triggered when an xMatters system action occurs,\n * such as when an event status changes, a notification is delivered, or a\n * recipient responds to a message. These system actions are called 'triggers'.\n *\n * Outbound integrations can perform tasks such as initiating a follow-up xMatters\n * event when the status of an event changes or updating another system in your\n * toolchain when a user responds to a notification.\n *\n * xMatters passes information about the trigger to the outbound integration\n * as a JSON object in the body of the built-in request object. Your outbound\n * integration can process this data and use it in the script. (To include form\n * properties in the request data, select 'Include in Outbound Integrations'\n * from the property's settings on the form layout.)\n *\n * The following sample code shows how to work with scripts in the Integration\n * Builder. You can use it as a template and then customize it to work with your\n * integration.\n ******************************************************************************/\n\n/**\n * Include shared libraries\n */\nvar clone = require('Clone Util');\n\n/**\n * Parse the payload data\n *\n * This code shows how to extract the payload from the built-in request object.\n * The specific fields that are included in the payload depends on the type of\n * trigger and how many form properties are included.\n */\nvar payload = JSON.parse(request.body);\n\n/**\n * Now that we have the payload, we inspect the response and ignore \n * anything that isn't \"Create Major Incident\"\n */\nif( payload.response.toLowerCase() != \"start conference bridge\" ) {\n    console.log( \"Ignoring response '\" + payload.response + \"'\" );\n    return;\n}\n\n/**\n * Form properties are included in the payload when they are marked as\n * 'Include in Outbound Integrations' on the form layout.\n *\n * Use Clone Util to transform the eventProperties object so that\n * you can access form properties using dot notation.\n */\nclone.fixPayload(payload);\n\n\n/** The event ID and time are included in the payload of all triggers **/\nconsole.log('\\nCommon properties:');\nconsole.log('Event ID: ' + payload.eventIdentifier);\n\nconsole.log('Form properties:');\nconsole.log( JSON.stringify( payload.eventProperties, null, 3 ) );\n\n\n/** These properties are included in the payload of notification response triggers. **/\nconsole.log('\\nResponse properties:');\nconsole.log('Recipient: ' + payload.recipient);\nconsole.log('Responded with: ' + payload.response);\nconsole.log('From this device: ' + payload.device);\n\n/**\n * Prepare the payload of the request according to the requirements of the\n * external system.\n *\n * This example assumes that the external system requires the request to\n * contain a JSON object in the request body that describes the action to log.\n *\n * You can modify this script to match the requirements of the external system you\n * want to update.\n */\n \nvar description = \"You've been invited to a conference bridge. In this example there will not be anyone else on so you will only hear music.\";\n \n\n/** Add properties from payload properties **/\nvar conferenceBridgeEvent = {\n    \"properties\": {\n        \"Short Description\": description\n    },\n    \"recipients\": [{ \"id\": payload.recipient }]\n};\n\nvar conferenceBridgeResponse = clone.triggerEvent(constants['Conference Bridge Endpoint'], conferenceBridgeEvent);",
      "environment": "HOSTED",
      "authType": "NONE"
    },
    {
      "id": "eb990eb5-6299-43ab-b47e-8f3f39056cc2",
      "name": "Emergency Change Request - Inform Stakeholders",
      "action": "RUN_SCRIPT",
      "type": "OUTBOUND_WEBHOOK",
      "triggeredBy": "ANNOTATION",
      "deployed": false,
      "form": "b8bf19a9-c341-4d38-893e-94b00e603344",
      "script": "/******************************************************************************\n * Outbound integrations (138 Lines)\n *\n * Outbound integrations are triggered when an xMatters system action occurs,\n * such as when an event status changes, a notification is delivered, or a\n * recipient responds to a message. These system actions are called 'triggers'.\n *\n * Outbound integrations can perform tasks such as initiating a follow-up xMatters\n * event when the status of an event changes or updating another system in your\n * toolchain when a user responds to a notification.\n *\n * xMatters passes information about the trigger to the outbound integration\n * as a JSON object in the body of the built-in request object. Your outbound\n * integration can process this data and use it in the script. (To include form\n * properties in the request data, select 'Include in Outbound Integrations'\n * from the property's settings on the form layout.)\n *\n * The following sample code shows how to work with scripts in the Integration\n * Builder. You can use it as a template and then customize it to work with your\n * integration.\n ******************************************************************************/\n\n/**\n * Parse the payload data\n *\n * This code shows how to extract the payload from the built-in request object.\n * The specific fields that are included in the payload depends on the type of\n * trigger and how many form properties are included.\n */\nvar payload = JSON.parse(request.body);\n\n/**\n * Form properties are included in the payload when they are marked as\n * 'Include in Outbound Integrations' on the form layout.\n *\n * This code shows how to transform the eventProperties object so that\n * you can access form properties using dot notation.\n */\nif (payload.eventProperties && Array.isArray(payload.eventProperties)) {\n    var eventProperties = payload.eventProperties;\n    payload.eventProperties = {};\n\n    for (var i = 0; i < eventProperties.length; i++) {\n        var eventProperty = eventProperties[i];\n        var key = Object.keys(eventProperty)[0];\n        payload.eventProperties[key] = eventProperty[key];\n    }\n}\n\nvar eventResponse = getEventResponses( payload.eventIdentifier );\n\nvar processRequest = false;\n// Loop through and find the associated response for this comment\n// We just have to make sure the response and the responder are what we are looking for\nfor( var r=0; r < eventResponse.data.length; r++ ){\n    \n    console.log( 'Checking: ' + JSON.stringify( eventResponse.data[r] ) );\n    if( eventResponse.data[r].response.response.toLowerCase() == \"inform stakeholders\" &&\n        eventResponse.data[r].response.notification.recipient.targetName.indexOf( payload.author.targetName ) > -1 ) {\n           processRequest = true;\n    }\n}\n\nif( !processRequest ) {\n    console.log( 'These comments by \"' + payload.author.targetName + '\" will be ignored as they are not tied to an \"Inform stakeholders\" response' );\n    return;\n}\n\n/** The event ID and time are included in the payload of all triggers **/\nconsole.log('\\nCommon properties:');\nconsole.log('Event ID: ' + payload.eventIdentifier);\n\nconsole.log('Form properties:');\nconsole.log( JSON.stringify( payload.eventProperties, null, 3 ) );\n\n/**\n * Prepare a request to the external system\n *\n * UPDATEME\n *\n * MOREUPDATES HERE\n */\n \n// Maybe check to see if they pasted the entire URL?\n// https://company.xmatters.com/api/integration/1/functions/123456-9bc9-44f3-bd2f-4567889adf/triggers\n \nvar path = constants[ 'Inform Stakeholders Endpoint' ].split( /xmatters.com/ );\nif( path.length == 2 ) {\n    path = path[1];\n}\nelse {\n    path = path[0];\n}\n\nvar informStakeholdersRequest = http.request({\n    'endpoint': 'xMatters',\n    'method': 'POST',\n    'path': path,\n    'headers': {\n        'Content-Type': 'application/json'\n    }\n});\n\n/**\n * Prepare the payload of the request according to the requirements of the\n * external system.\n *\n * This example assumes that the external system requires the request to\n * contain a JSON object in the request body that describes the action to log.\n *\n * You can modify this script to match the requirements of the external system you\n * want to update.\n */\n\n/** Add properties from payload properties **/\ninformStakeholdersEvent = {};\ninformStakeholdersEvent.properties        = payload.eventProperties;\ninformStakeholdersEvent.properties.Update = payload.comment;\n\ninformStakeholdersEvent.recipients        = [{ \"id\": payload.author.targetName }];\n\nvar informStakeholdersResponse = informStakeholdersRequest.write( informStakeholdersEvent );\n\n\nfunction getEventResponses( eventId ) {\n    \n    var eventRequest = http.request({ \n        'endpoint': 'xMatters',\n        'method':   'GET',\n        'path':     '/api/xm/1/audits?eventId=' + eventId + '&auditType=RESPONSE_RECEIVED',\n    });\n    \n    var eventResponse = eventRequest.write();\n    console.log( 'eventResponse: ' + eventResponse );\n    console.log( 'JSON eventResponse' + JSON.parse( eventResponse.body ) );\n    \n    return JSON.parse( eventResponse.body );\n}",
      "environment": "HOSTED",
      "authType": "NONE"
    },
    {
      "id": "d163ff2f-b869-4ad6-8aab-aed21aaf2c66",
      "name": "Emergency Change Request - Inform Stakeholders (via Clone Util)",
      "action": "RUN_SCRIPT",
      "type": "OUTBOUND_WEBHOOK",
      "triggeredBy": "ANNOTATION",
      "deployed": true,
      "form": "b8bf19a9-c341-4d38-893e-94b00e603344",
      "script": "/******************************************************************************\n * Outbound integrations (was 138 Lines, now 99 Lines, saved 39 lines)\n *\n * Outbound integrations are triggered when an xMatters system action occurs,\n * such as when an event status changes, a notification is delivered, or a\n * recipient responds to a message. These system actions are called 'triggers'.\n *\n * Outbound integrations can perform tasks such as initiating a follow-up xMatters\n * event when the status of an event changes or updating another system in your\n * toolchain when a user responds to a notification.\n *\n * xMatters passes information about the trigger to the outbound integration\n * as a JSON object in the body of the built-in request object. Your outbound\n * integration can process this data and use it in the script. (To include form\n * properties in the request data, select 'Include in Outbound Integrations'\n * from the property's settings on the form layout.)\n *\n * The following sample code shows how to work with scripts in the Integration\n * Builder. You can use it as a template and then customize it to work with your\n * integration.\n ******************************************************************************/\n\n/**\n * Include shared libraries\n */\nvar clone = require('Clone Util');\n\n/**\n * Parse the payload data\n *\n * This code shows how to extract the payload from the built-in request object.\n * The specific fields that are included in the payload depends on the type of\n * trigger and how many form properties are included.\n */\nvar payload = JSON.parse(request.body);\n\n/**\n * Form properties are included in the payload when they are marked as\n * 'Include in Outbound Integrations' on the form layout.\n *\n * This code shows how to transform the eventProperties object so that\n * you can access form properties using dot notation.\n */\nclone.fixPayload(payload);\n\nvar eventResponse = getEventResponses( payload.eventIdentifier );\n\nvar processRequest = false;\n// Loop through and find the associated response for this comment\n// We just have to make sure the response and the responder are what we are looking for\nfor( var r=0; r < eventResponse.data.length; r++ ){\n    \n    console.log( 'Checking: ' + JSON.stringify( eventResponse.data[r] ) );\n    if( eventResponse.data[r].response.response.toLowerCase() == \"inform stakeholders\" &&\n        eventResponse.data[r].response.notification.recipient.targetName.indexOf( payload.author.targetName ) > -1 ) {\n           processRequest = true;\n    }\n}\n\nif( !processRequest ) {\n    console.log( 'These comments by \"' + payload.author.targetName + '\" will be ignored as they are not tied to an \"Inform stakeholders\" response' );\n    return;\n}\n\n/** The event ID and time are included in the payload of all triggers **/\nconsole.log('\\nCommon properties:');\nconsole.log('Event ID: ' + payload.eventIdentifier);\n\nconsole.log('Form properties:');\nconsole.log( JSON.stringify( payload.eventProperties, null, 3 ) );\n\n/**\n * Prepare the payload of the request according to the requirements of the\n * external system.\n *\n * This example assumes that the external system requires the request to\n * contain a JSON object in the request body that describes the action to log.\n *\n * You can modify this script to match the requirements of the external system you\n * want to update.\n */\n \n/** Add properties from payload properties **/\nadditionalProperties = {};\nadditionalProperties.Update = payload.comment;\n\nvar informStakeholdersResponse = clone.cloneEvent(payload.eventIdentifier, constants[ 'Inform Stakeholders Endpoint' ],\nfalse, null, [{\"id\": payload.author.targetName, \"recipientType\":\"PERSON\"}], null, additionalProperties);\n\n\nfunction getEventResponses( eventId ) {\n    \n    var eventResponse = clone.callxMatters('GET', \n        '/api/xm/1/audits?eventId=' + eventId + '&auditType=RESPONSE_RECEIVED');\n    console.log( 'eventResponse: ' + eventResponse );\n    console.log( 'JSON eventResponse' + JSON.parse( eventResponse.body ) );\n    \n    return JSON.parse( eventResponse.body );\n}",
      "environment": "HOSTED",
      "authType": "NONE"
    },
    {
      "id": "f186c3b7-f13c-450d-b33a-6277fcb3ad4e",
      "name": "Inbound for Conference Bridge",
      "action": "CREATE_EVENT_SIMPLE",
      "type": "INBOUND_WEBHOOK",
      "deployed": true,
      "form": "0ad88b9b-0c31-4620-ab68-d001017098fe",
      "script": "var plan_id = '1a4777f3-3179-4b7c-a0d4-16db82e7b315', form_id = '0ad88b9b-0c31-4620-ab68-d001017098fe';\nvar xm_ver = 1;\n\nvar endpointpath = '/api/xm/' + xm_ver + '/plans/' + plan_id + '/forms/' + form_id + '/triggers';\n\nvar req = http.request({\n    method: 'POST',\n    endpoint: 'xMatters',\n    path: endpointpath,\n    headers: {\n        'Content-Type': 'application/json',\n    }\n});\n\n// Add requestId to payload\nvar payload = JSON.parse(request.body);\nif (!payload) {\n    payload = {};\n}\npayload.requestId = request.requestId;\npayload.integrationUUID = request.integrationUuid;\n\nvar response = req.write(payload);\n\n// If not 2xx response, throw exception to fail the integration\nif (response.statusCode >= 300) {\n    throw \"Failed to make call to xMatters endpoint. Path: \" + endpointpath + \". Server responded with status \" + response.statusCode;\n}\n\n",
      "environment": "HOSTED",
      "authType": "ANY"
    },
    {
      "id": "ee4010ed-4ee3-4d5e-b096-4104ff417de2",
      "name": "Inbound for Inform Stakeholders",
      "action": "CREATE_EVENT_SIMPLE",
      "type": "INBOUND_WEBHOOK",
      "deployed": true,
      "form": "1b46613d-e513-4a62-a74b-cb5e3a2059bf",
      "script": "var plan_id = '1a4777f3-3179-4b7c-a0d4-16db82e7b315', form_id = '1b46613d-e513-4a62-a74b-cb5e3a2059bf';\nvar xm_ver = 1;\n\nvar endpointpath = '/api/xm/' + xm_ver + '/plans/' + plan_id + '/forms/' + form_id + '/triggers';\n\nvar req = http.request({\n    method: 'POST',\n    endpoint: 'xMatters',\n    path: endpointpath,\n    headers: {\n        'Content-Type': 'application/json',\n    }\n});\n\n// Add requestId to payload\nvar payload = JSON.parse(request.body);\nif (!payload) {\n    payload = {};\n}\npayload.requestId = request.requestId;\npayload.integrationUUID = request.integrationUuid;\n\nvar response = req.write(payload);\n\n// If not 2xx response, throw exception to fail the integration\nif (response.statusCode >= 300) {\n    throw \"Failed to make call to xMatters endpoint. Path: \" + endpointpath + \". Server responded with status \" + response.statusCode;\n}\n\n",
      "environment": "HOSTED",
      "authType": "ANY"
    }
  ],
  "endpoints": [],
  "constants": [
    {
      "name": "Conference Bridge Endpoint",
      "value": "/api/integration/1/functions/UUID/triggers?apiKey=API-KEY",
      "description": "Just the path portion of the Conference Bridge Inbound Integration Endpoint"
    },
    {
      "name": "Inform Stakeholders Endpoint",
      "value": "/api/integration/1/functions/UUID/triggers?apiKey=API-KEY",
      "description": "Just the path portion of the Inform Stakeholders Inbound Integration Endpoint"
    }
  ]
}