[
  {
    "name": "Clone Util",
    "script": "/**\n * ---------------------------------------------------------------------------------------------------------------------\n * \n * Shared library containing utility functions for duplicating events\n *\n * To use this shared library in another script, include the following \n * 'require' function statement in your Integration Builder script.\n *\n *  var clone = require('Clone Util');\n *  clone.fixPayload(payload);\n *  var results = cloneEvent(payload.eventIdentifier,targetURL,false);\n *\n * Required Constants (to be defined in the \"requiring\" Comm Plan)\n *   None.\n * \n * Required Shared Libraries (to be included in this Comm Plan):\n *   None.\n *\n * Hisory\n *  Version: 1.0 (2018-10-11)\n *\n * ---------------------------------------------------------------------------------------------------------------------\n */\n\n\n/**\n * ---------------------------------------------------------------------------------------------------------------------\n * \n * Looksup the details of the given Event (via eventId) and clones the properties and fires off another event.\n * \n * @param {number} eventId to use as the source for Properties and other metadata\n * @param {String} URL of form to trigger.\n * @param {boolean} If true will copy the Conference Call details.  \n *      Expects that the target Form has a  Conference stanza, otherwise a run-time error may occur.\n * @param {boolean} (Optional) If specified, and the source event uses a non-xMatters (EXTERNAL) conference bridge,\n *      this value determines whether or not the source event's conference bridge uses a static or dynamically\n *      defined bridge number.  \n *      If true, than the EXTERNAL bridge has a dynamically defined bridge number.  In that case, the bridgeNumber value\n *          must be carried over to the new form if third artument is true.\n *      If false, or undefined, than the assumption is that the EXTERNAL bridge has a statically specified bridge number.\n *          In that case, the bridgeNumber must not be specified, or a runtime error will occur.\n * @param {object}[] (Optional) Recipients to target.  If null or undefined then don't explicitly target anyone.\n *      The format should follow that as defined for the POST /events call\n *      (see https://help.xmatters.com/xmapi/index.html?javascript#trigger-an-event)\n *      e.g. \n *          [\n *              {\"id\":\"mmcbride\", \"recipientType\": \"PERSON\"},\n *              {\"id\":\"Executives\", \"recipientType\": \"GROUP\"}\n *          ]          \n * @param {object}[] (Optional) Array of simple property matching objects of \"sourcePropertyName\" and \"targetPropertyName\"\n *      e.g. \n *          [\n *              {\"sourcePropertyName\": \"subject\", \"targetPropertyName\": \"Description\"},\n *              {\"sourcePropertyName\": \"ticketNumber\", \"targetPropertyName\": \"Incident ID\"},\n *              {\"sourcePropertyName\": \"impactedSystem\", \"targetPropertyName\": \"CI\"}\n *          ]\n * @param {object} (Optional) Additional properties that will be added to the target payload.\n *      Note: These will overwrite any properties with the same name in the properties coming from the source event.\n *      e.g.\n *          {\n *              \"Other Prop1\": \"Some value\",\n *              \"Other Prop2\": \"A different value\"\n *          }\n * \n * @returns {Object} The Response object from POSTing the request, or null if other errors.\n * \n * @usage Example of using this in an Outbound Integration - Notification Response trigger\n * \n        console.log('Entered Outbound Integration: \"Notification Responses\"');\n        \n        // Load shared libraries\n        var clone = require('Clone Util');\n        \n        // Parse and fixup the inbound payload\n        var payload = JSON.parse(request.body);\n        clone.fixPayload(payload);\n        \n        // Take an action based on the first word of the response\n        var response = payload.response.toLowerCase().split(\" \")[0];\n        switch (response) {\n            \n            // If \"inform\" then clone the form and send to stakeholders\n            case \"inform\": {\n                    var response = clone.cloneEvent(\n                        payload.eventIdentifier, // Source Event ID\n                        constants.STAKEHOLDERS_FORM_URL, // URL of form to trigger\n                        false, // Don't need conference bridge details\n                        null, // Don't need conference bridgeNumber\n                        [{\"id\":\"jolin|Work Email\", \"recipientType\": \"DEVICE\"}], // Specific recipients (optional)\n                        [{\"sourcePropertyName\": \"Prop1\", \"targetPropertyName\": \"prop2\"}, // Property map (optional)\n                         {\"sourcePropertyName\": \"prop2\", \"targetPropertyName\": \"Prop1\"}],\n                        null // Not adding any additional properties at this time.\n                        );\n                    if (null === response) {\n                        console.log('response returned null after calling util.cloneEvent.');\n                    } else {\n                        console.log('response after calling util.cloneEvent: ' + JSON.stringify(response, null, 4));\n                    }\n                }\n                break;\n            \n            // Any other response\n            default:\n                console.log('Unknown response option.');\n                break;\n        }\n * ---------------------------------------------------------------------------------------------------------------------\n */\nvar cloneEvent = function(\n    eventId,             // eventId to use as the source for Properties and other metadata\n    targetURL,           // URL of form to trigger\n    includeConfDetails,  // If true will copy the Conference Call details.\n    isDynamicBridge,     // (Optional) If specified, and the source event uses a non-xMatters (EXTERNAL) conference bridge\n    recipients,          // (Optional) Recipients to target.  If null or undefined then don't explicitly target anyone.\n    propertyMatcher,     // (Optional) Array of simple property matching objects of \"sourcePropertyName\" and \"targetPropertyName\"\n    additionalProperties // (Optional) Additional properties that will be added to the target payload.\n    ) {\n        \n    var funcName = \"cloneEvent\";\n    var result = null;\n    \n    // 1. Validate the required inputs (need an event ID, a target URL, and an indicator regarding conf. bridge info)\n    if ((typeof eventId !== \"number\") || (eventId === null) || (eventId <= 0)) {\n        console.log(funcName + \" - !!! FATAL !!! - eventId is not an number, is null, or not > 0.\");        \n        return result;\n    } else if ((typeof targetURL !== \"string\") || (targetURL.length === 0)) {\n        console.log(funcName + \" - !!! FATAL !!! - targetURL is not a string or empty.\");        \n        return result;\n    } else if ((typeof includeConfDetails !== \"boolean\") || (includeConfDetails === null)) {\n        console.log(funcName + \" - !!! FATAL !!! - includeConfDetails is not a boolean, or is null.\");        \n        return result;\n    }\n    \n    // 2. First get the details from the event in question\n    var event = getEvent(eventId);\n    if (null !== event) {\n        \n        // 3. Create trigger object and populate properties\n        var trigger = {};\n        trigger.properties = {};\n        \n        // 4. Fixup any property names that have language suffix\n        //    (e.g. subject#en should be referenced as just subject in the new plan.)\n        var evProps = {};\n        for (var ep in event.properties) {\n            if ((ep.length > 3) && (ep.charAt(ep.length-3) === '#')) {\n                evProps[ep.substring(0,ep.length-3)] = event.properties[ep];\n            } else {\n                evProps[ep] = event.properties[ep];\n            }\n        }\n        \n        // 5. If propertyMatcher exists, use that to determine which values get used in the subsequent call\n        if ((typeof propertyMatcher === \"object\") && (null !== propertyMatcher) && Array.isArray(propertyMatcher) && (propertyMatcher.length > 0)) {\n            for (var i in propertyMatcher) {\n                // make sure that the name map exists\n                if ((typeof propertyMatcher[i].sourcePropertyName === \"string\" && propertyMatcher[i].sourcePropertyName.length > 0) &&\n                    (typeof propertyMatcher[i].targetPropertyName === \"string\" && propertyMatcher[i].targetPropertyName.length > 0)) {\n                    if (typeof evProps[propertyMatcher[i].sourcePropertyName] === undefined) {\n                        console.log(funcName + ' - \"' + propertyMatcher[i].sourcePropertyName + '\" was not found in the source Event\\'s properties at element \" + (i+1) + \" of the propertyMatcher array.  Skipping property.');\n                    } else {\n                        // Fill the target property from the existing property's value.\n                        trigger.properties[propertyMatcher[i].targetPropertyName] = evProps[propertyMatcher[i].sourcePropertyName];\n                    }\n                } else {\n                    console.log(funcName + \" - sourcePropertyName or targetPropertyName are missing or empty at element \" + (i+1) + \" of the propertyMatcher array.\");\n                }\n            }\n        } else {\n            trigger.properties = evProps;\n        }\n        \n        // 6. If additionalProperties exists, add those to the trigger's properties object.\n        if ((typeof additionalProperties === \"object\") && (null !== additionalProperties)) {\n            for (var ap in additionalProperties) {\n                trigger.properties[ap] = additionalProperties[ap];\n            }\n        }\n        \n        // 7. Copy the conference details if requested.\n        if (includeConfDetails) {\n            if ((typeof event.conference === \"object\") && (event.conference !== null)) {\n                var conference = {};\n                conference.type = event.conference.type;\n                if (\"EXTERNAL\" === event.conference.type) {\n                    conference.bridgeId = event.conference.bridgeId;\n                    if ((typeof isDynamicBridge === \"boolean\") && (isDynamicBridge !== null) && isDynamicBridge) {\n                        conference.bridgeNumber = event.conference.bridgeNumber;\n                    }\n                } else { // is BRIDGE\n                    conference.bridgeId = event.conference.bridgeId;\n                    conference.bridgeNumber = event.conference.bridgeNumber;\n                }\n                trigger.conference = conference;\n            } else {\n                console.log(funcName + \" - Conference details were requested, but the source Event does not contain any Conference details.\");\n            }\n        }\n\n        // 8. Set the recipients, if supplied\n        if ((typeof recipients === \"object\") && (null !== recipients) && Array.isArray(recipients) && (recipients.length > 0)) {\n            trigger.recipients = recipients;\n        }\n        \n        // 9. Grab the metadata from the source event (only priority for now, add others as you neee)\n        trigger.priority = event.priority;\n        \n        // 10. Trigger the event.\n        result = triggerEvent(targetURL, trigger);\n    }\n    \n    return result;\n};\nexports.cloneEvent = cloneEvent;\n\n\n/**\n * ---------------------------------------------------------------------------------------------------------------------\n * \n * Retrieves the xMatters event object via it's event id\n * \n * @param {string|number} Event identifier to find\n * \n * @returns {object} The event object.  Returns null if not found, or an error was returned.\n * \n * ---------------------------------------------------------------------------------------------------------------------\n */\nvar getEvent = function(eventId) {\n    // Make the request to get the events\n    var response = callxMatters(\n        'GET',\n        '/api/xm/1/events/' + eventId\n        );\n    if(isValidStatusCode(response.statusCode)) {\n        var event = null;\n        if(response.body) {\n            event = JSON.parse(response.body);\n        } \n        return event;\n    } else {\n        console.log('util.getEvents returned an error: ' + response.statusCode);\n        return null;\n    }\n};\nexports.getEvent = getEvent;\n\n\n/**\n * ---------------------------------------------------------------------------------------------------------------------\n * \n * Triggers a new event using the specified URL and trigger object\n * \n * @param {String} URL of form to trigger.\n * @param {object} Properly formatted Trigger object\n *      See https://help.xmatters.com/xmapi/index.html?javascript#trigger-an-event\n * \n * @returns {Object} The Response object from POSTing the request, or null if other errors.\n * \n * ---------------------------------------------------------------------------------------------------------------------\n */\nvar triggerEvent = function(targetURL, trigger) {\n    var funcName = \"triggerEvent\";\n    var result = null;\n    \n    // 1. Validate the required inputs (need a target URL, and a trigger object)\n    if ((typeof targetURL !== \"string\") || (targetURL.length === 0)) {\n        console.log(funcName + \" - !!! FATAL !!! - targetURL is not a string or empty.\");        \n        return result;\n    } else if ((typeof trigger !== \"object\") || (trigger === null)) {\n        console.log(funcName + \" - !!! FATAL !!! - trigger is not an object, or is null.\");        \n        return result;\n    }\n    \n    // 2. Trigger the event.\n    result = callxMatters('POST', targetURL, true /* autoEncode */, trigger);\n\n    return result;\n};\nexports.triggerEvent = triggerEvent;\n\n\n/**\n * ---------------------------------------------------------------------------------------------------------------------\n * \n * Form properties are included in the payload when they are marked as\n * 'Include in Outbound Integrations' on the form layout.\n *\n * Transform the eventProperties object so that\n * you can access form properties using dot notation.\n * \n * @param {object} payload object from an Outbound Integration\n * \n * ---------------------------------------------------------------------------------------------------------------------\n */\nvar fixPayload = function(payload) {\n    if (payload.eventProperties && Array.isArray(payload.eventProperties)) {\n        var eventProperties = payload.eventProperties;\n        payload.eventProperties = {};\n    \n        for (var i = 0; i < eventProperties.length; i++) {\n            var eventProperty = eventProperties[i];\n            var key = Object.keys(eventProperty)[0];\n            payload.eventProperties[key] = eventProperty[key];\n          }\n    }\n};\nexports.fixPayload = fixPayload;\n\n\n/**\n * ---------------------------------------------------------------------------------------------------------------------\n * \n * Determine if an HTTP status code represents success\n *\n * @param {number} statusCode from an HTTP request\n * @returns {boolean} true if successful; false otherwise\n * \n * ---------------------------------------------------------------------------------------------------------------------\n */\nvar isValidStatusCode = function(statusCode) {\n    return statusCode >= 200 && statusCode <= 299;\n};\nexports.isValidStatusCode = isValidStatusCode;\n\n\n/**\n * ---------------------------------------------------------------------------------------------------------------------\n * \n * Calls xMatters based on the input parameters.  \n * In the case of a failure (5xx) or exception, will retry up to 2 additional times (default)\n * \n * @param {string} the HTTP method to call\n * @param {string} path to make call against\n * @param {boolean} whether or not to auto Encode the URI\n * @param {object} [Optional] the properties/payload object to send with POST or PUT\n * \n * @returns {object} the Response object\n * \n * ---------------------------------------------------------------------------------------------------------------------\n */\nvar callxMatters = function(method, path, autoEncodeURI, payload) {\n    var funcName = \"util.callxMatters\";\n    console.log(\"Enter \" + funcName + \" - method: \" + method + \", path: \" + path);\n    var maxRetries = 2;\n    \n\t// Check to see if the path starts with a FQDN, if so, trim it\n\tvar sPath = path.split( /xmatters.com/ );\n\tif( sPath.length === 2 ) {\n\t\tpath = sPath[1];\n\t}\n\n    // Prepare the request object to get the Incident\n    var requestObj = {\n        'endpoint': \"xMatters\",\n        'path': path,\n        'method': method,\n        'headers': {\n            'Content-Type': 'application/json'\n        }\n    };\n    \n    // Check for and add autoEncodeURI if not true\n    // Note, the defauolt is true\n    if ((typeof autoEncodeURI === \"boolean\") && (null !== autoEncodeURI) && !autoEncodeURI) {\n        requestObj.autoEncodeURI = autoEncodeURI;\n    }\n\n    // Create the request\n    var request = http.request(requestObj);\n\n    // Send request to xMatters with retries\n    var response;\n    var finished = false;\n    for (var retryCount = 0;!finished || (retryCount === maxRetries);++retryCount) {\n        console.log('util.callxMatters - Attempt #' + (retryCount+1));\n        try {\n            if ((typeof payload === \"object\") && (null !== payload)) {\n                response = request.write(payload);\n            } else {\n                response = request.write();\n            }\n            if (response.statusCode < 500) {\n                finished = true;\n            }\n        } catch (e) {\n            response = {};\n            response.statusCode = 400;\n            errBody = {\n                \"code\":400,\n                \"message\": String(e),\n                \"reason\":\"Exception\",\n                \"subcode\":\"Exception caught in util.\" + funcName\n            };\n            response.body = JSON.stringify(errBody);\n        }\n    }\n\n    console.log(\"Exit \" + funcName + \" - response: \" + JSON.stringify(response));\n    return response;   \n};\nexports.callxMatters = callxMatters;\n"
  }
]