[
  {
    "baseType": 21,
    "name": "Impact",
    "description": "",
    "helpText": "",
    "isSystem": false,
    "values": [
      {
        "value": "Enterprise Wide",
        "isDefault": false,
        "isVisible": true
      },
      {
        "value": "Multiple Sites",
        "isDefault": true,
        "isVisible": true
      },
      {
        "value": "<100 users",
        "isDefault": false,
        "isVisible": true
      },
      {
        "value": "<20 users",
        "isDefault": false,
        "isVisible": true
      }
    ]
  },
  {
    "baseType": 21,
    "name": "Impacted CI",
    "description": "",
    "helpText": "",
    "isSystem": false,
    "values": [
      {
        "value": "Company Website",
        "isDefault": false,
        "isVisible": true
      },
      {
        "value": "Steelbrick",
        "isDefault": false,
        "isVisible": true
      },
      {
        "value": "Ironstone",
        "isDefault": true,
        "isVisible": true
      },
      {
        "value": "Firewrite",
        "isDefault": false,
        "isVisible": true
      },
      {
        "value": "app-host-central-1",
        "isDefault": false,
        "isVisible": true
      },
      {
        "value": "app-host-central-2",
        "isDefault": false,
        "isVisible": true
      },
      {
        "value": "app-host-east-1",
        "isDefault": false,
        "isVisible": true
      },
      {
        "value": "app-host-east-2",
        "isDefault": false,
        "isVisible": true
      }
    ]
  },
  {
    "baseType": 21,
    "name": "Severity",
    "description": "",
    "helpText": "",
    "isSystem": false,
    "values": [
      {
        "value": "High",
        "isDefault": true,
        "isVisible": true
      },
      {
        "value": "Med",
        "isDefault": false,
        "isVisible": true
      },
      {
        "value": "Low",
        "isDefault": false,
        "isVisible": true
      }
    ]
  },
  {
    "baseType": 3,
    "name": "Short Description",
    "defaultValue": "Patch 71.1.202 needs to be applied to resolve Major Incident MI13351.",
    "description": "",
    "helpText": "",
    "isSystem": false,
    "minLength": 0,
    "maxLength": 1000,
    "validationRegex": "",
    "isValidate": false
  },
  {
    "baseType": 3,
    "name": "Ticket Number",
    "defaultValue": "CHG44322",
    "description": "",
    "helpText": "",
    "isSystem": false,
    "minLength": 0,
    "maxLength": 30,
    "validationRegex": "",
    "isValidate": false
  },
  {
    "baseType": 3,
    "name": "Update",
    "defaultValue": "",
    "description": "",
    "helpText": "",
    "isSystem": false,
    "minLength": 0,
    "maxLength": 1000,
    "validationRegex": "",
    "isValidate": false
  }
]